﻿{
  "Info": {
    "File_name": "낙동_HF12_A_01_02"
  },
  "Lithology": [
    {
      "Litho_idx": 1,
      "Litho_name": "변성암류",
      "Age": "선캠브리아기",
      "Ref_rock": "편마암"
    },
    {
      "Litho_idx": 7,
      "Litho_name": "경상누층군신동층군진주층",
      "Age": "중생대백악기",
      "Ref_rock": "역질사암,사암"
    },
    {
      "Litho_idx": 3,
      "Litho_name": "관입암류",
      "Age": "중생대",
      "Ref_rock": "화강암"
    }
  ],
  "Boundary": {
    "B_Count": 6
  },
  "Fault": {
    "F_Count": 1,
    "F_Length_m": 1759.456016,
    "F_Angle": 0
  },
  "Range": {
    "Coord_sys": "WGS84",
    "Start_pt": "128.31103, 36.50114",
    "End_pt": "128.37373, 36.50114",
    "Start_depth": 1450,
    "End_depth": -1000,
    "Elevation": "2450"
  }
}