﻿{
  "Info": {
    "File_name": "낙동_HF12_A_01_01"
  },
  "Lithology": [
    {
      "Litho_idx": 1,
      "Litho_name": "변성암류",
      "Age": "선캠브리아기",
      "Ref_rock": "편마암"
    },
    {
      "Litho_idx": 41,
      "Litho_name": "충적층",
      "Age": "신생대제4기",
      "Ref_rock": "자갈,모래,점토"
    }
  ],
  "Boundary": {
    "B_Count": 2
  },
  "Fault": {
    "F_Count": 1,
    "F_Length_m": 1759.456016,
    "F_Angle": 0
  },
  "Range": {
    "Coord_sys": "WGS84",
    "Start_pt": "128.24833, 36.50114",
    "End_pt": "128.31103, 36.50114",
    "Start_depth": 1450,
    "End_depth": -1000,
    "Elevation": "2450"
  }
}