﻿{
  "Info": {
    "File_name": "낙동_HF12_A_17_01"
  },
  "Lithology": [
    {
      "Litho_idx": 1,
      "Litho_name": "변성암류",
      "Age": "선캠브리아기",
      "Ref_rock": "편마암"
    },
    {
      "Litho_idx": 5,
      "Litho_name": "경상누층군신동층군낙동층",
      "Age": "중생대백악기",
      "Ref_rock": "역암,역질사암,사암,셰일"
    },
    {
      "Litho_idx": 6,
      "Litho_name": "경상누층군신동층군하산동층",
      "Age": "중생대백악기",
      "Ref_rock": "역암,역질사암,사암"
    }
  ],
  "Boundary": {
    "B_Count": 2
  },
  "Range": {
    "Coord_sys": "WGS84",
    "Start_pt": "128.32501, 36.50272",
    "End_pt": "128.32501, 36.46101",
    "Start_depth": 1450,
    "End_depth": -1000,
    "Elevation": "2450"
  }
}