﻿{
  "Info": {
    "File_name": "낙동_HF12_A_07_02"
  },
  "Lithology": [
    {
      "Litho_idx": 5,
      "Litho_name": "경상누층군신동층군낙동층",
      "Age": "중생대백악기",
      "Ref_rock": "역암,역질사암,사암,셰일"
    },
    {
      "Litho_idx": 6,
      "Litho_name": "경상누층군신동층군하산동층",
      "Age": "중생대백악기",
      "Ref_rock": "역암,역질사암,사암"
    }
  ],
  "Boundary": {
    "B_Count": 1
  },
  "Fault": {
    "F_Count": 1,
    "F_Length_m": 4436.916646,
    "F_Angle": 0
  },
  "Range": {
    "Coord_sys": "WGS84",
    "Start_pt": "128.31045, 36.45123",
    "End_pt": "128.37287, 36.45123",
    "Start_depth": 1450,
    "End_depth": -1000,
    "Elevation": "2450"
  }
}