﻿{
  "Info": {
    "File_name": "낙동_HF12_A_15_01"
  },
  "Lithology": [
    {
      "Litho_idx": 1,
      "Litho_name": "변성암류",
      "Age": "선캠브리아기",
      "Ref_rock": "편마암"
    },
    {
      "Litho_idx": 41,
      "Litho_name": "충적층",
      "Age": "신생대제4기",
      "Ref_rock": "자갈,모래,점토"
    },
    {
      "Litho_idx": 5,
      "Litho_name": "경상누층군신동층군낙동층",
      "Age": "중생대백악기",
      "Ref_rock": "역암,역질사암,사암,셰일"
    }
  ],
  "Boundary": {
    "B_Count": 2
  },
  "Inf_fault": {
    "I_Count": 1,
    "I_Length_m": 5648.890707,
    "I_Angle": 0
  },
  "Range": {
    "Coord_sys": "WGS84",
    "Start_pt": "128.29985, 36.50232",
    "End_pt": "128.29985, 36.46119",
    "Start_depth": 1450,
    "End_depth": -1000,
    "Elevation": "2450"
  }
}