﻿{
  "Info": {
    "File_name": "낙동_HF12_A_07_01"
  },
  "Lithology": [
    {
      "Litho_idx": 1,
      "Litho_name": "변성암류",
      "Age": "선캠브리아기",
      "Ref_rock": "편마암"
    },
    {
      "Litho_idx": 5,
      "Litho_name": "경상누층군신동층군낙동층",
      "Age": "중생대백악기",
      "Ref_rock": "역암,역질사암,사암,셰일",
      "Coordinates": [
        [
          [2591,645],[2590,646],[2574,646],[2574,1224],[2803,1224],[2803,680],[2800,680],[2799,681],[2795,681],[2769,680],[2756,679],[2751,677],[2734,677],[2729,675],[2713,674],[2708,673],[2704,672],[2703,670],[2700,670],[2699,669],[2695,669],[2691,668],[2687,667],[2686,665],[2681,664],[2678,664],[2674,663],[2673,661],[2669,661],[2665,660],[2664,658],[2661,658],[2660,657],[2656,657],[2652,656],[2651,654],[2647,654],[2643,653],[2642,651],[2634,651],[2633,649],[2630,649],[2625,647],[2620,646],[2612,645]
        ]
      ]
    }
  ],
  "Boundary": {
    "B_Count": 3
  },
  "Range": {
    "Coord_sys": "WGS84",
    "Start_pt": "128.24776, 36.45123",
    "End_pt": "128.31045, 36.45123",
    "Start_depth": 1450,
    "End_depth": -1000,
    "Elevation": "2450"
  }
}