﻿{
  "Info": {
    "File_name": "낙동_HF12_A_11_01"
  },
  "Lithology": [
    {
      "Litho_idx": 1,
      "Litho_name": "변성암류",
      "Age": "선캠브리아기",
      "Ref_rock": "편마암",
      "Coordinates": [
        [
          [1228,697],[1228,1224],[2311,1224],[2311,729],[2309,727],[2306,725],[2303,723],[2298,721],[2295,718],[1664,718],[1556,716],[1389,716],[1359,714],[1315,714],[1306,713],[1301,711],[1290,711],[1286,710],[1285,708],[1282,708],[1273,705],[1269,705],[1261,703],[1257,702],[1256,700],[1253,700],[1249,699],[1248,697]
        ]
      ]
    },
    {
      "Litho_idx": 41,
      "Litho_name": "충적층",
      "Age": "신생대제4기",
      "Ref_rock": "자갈,모래,점토",
      "Coordinates": [
        [
          [1249,698],[1252,698],[1253,699],[1256,699],[1257,701],[1260,701],[1269,704],[1273,704],[1281,706],[1285,707],[1286,709],[1289,709],[1290,710],[1301,710],[1306,712],[1315,713],[1359,713],[1389,715],[1556,715],[1664,717],[2311,717],[2311,700],[2288,700],[2271,702],[2251,702],[2226,700],[2186,700],[2128,701],[2058,700],[2038,701],[2025,702],[2016,704],[1795,704],[1786,702],[1693,702],[1638,700],[1479,700],[1462,702],[1430,702],[1412,700],[1298,700],[1265,699],[1264,698]
        ]
      ]
    },
    {
      "Litho_idx": 5,
      "Litho_name": "경상누층군신동층군낙동층",
      "Age": "중생대백악기",
      "Ref_rock": "역암,역질사암,사암,셰일",
      "Coordinates": [
        [
          [2296,718],[2298,720],[2303,722],[2309,726],[2311,728],[2311,718]
        ]
      ]
    }
  ],
  "Boundary": {
    "B_Count": 4
  },
  "Inf_fault": {
    "I_Count": 1,
    "I_Length_m": 5648.890707,
    "I_Angle": 0
  },
  "Range": {
    "Coord_sys": "WGS84",
    "Start_pt": "128.24977, 36.50142",
    "End_pt": "128.24977, 36.46202",
    "Start_depth": 1450,
    "End_depth": -1000,
    "Elevation": "2450"
  }
}